{"cameraMode":{"drawMode":0,"name":"Shaded","section":"Shading Mode"},"sceneLighting":false,"audioPlay":false,"sceneViewState":{"showFog":true,"showMaterialUpdate":false,"showSkybox":false,"showFlares":true,"showImageEffects":true,"showParticleSystems":true},"in2DMode":false,"pivot":{"x":-0.975263774394989,"y":0.4817408323287964,"z":0.015157610177993775},"rotation":{"x":-0.10861943662166596,"y":0.875065803527832,"z":-0.2312033772468567,"w":-0.4111081659793854},"size":0.9400079250335693,"orthographic":false}